<?xml version="1.0" encoding="UTF-8"?>
<root>
  <item name="com.instabug.survey.network.util.SubmittingSurveysUtil org.json.JSONArray getQuestionsAnswersAsJson(java.util.ArrayList&lt;com.instabug.survey.models.Question&gt;, int, java.lang.String) 1">
    <annotation name="androidx.annotation.IntDef">
      <val name="value" val="{com.instabug.survey.models.SurveyTypes.CUSTOM, com.instabug.survey.models.SurveyTypes.NPS, com.instabug.survey.models.SurveyTypes.STORE_RATING}" />
    </annotation>
  </item>
  <item name="com.instabug.survey.network.util.SubmittingSurveysUtil org.json.JSONArray getQuestionsAnswersAsJson(java.util.ArrayList&lt;com.instabug.survey.models.Question&gt;, int, java.lang.String) 2">
    <annotation name="androidx.annotation.StringDef">
      <val name="value" val="{com.instabug.survey.models.State.DISMISSED, com.instabug.survey.models.State.ENDED, com.instabug.survey.models.State.SUBMITTED}" />
    </annotation>
  </item>
  <item name="com.instabug.survey.network.util.SubmittingSurveysUtil org.json.JSONObject getSurveyAsResponse(com.instabug.survey.models.Survey, java.lang.String) 1">
    <annotation name="androidx.annotation.StringDef">
      <val name="value" val="{com.instabug.survey.models.State.DISMISSED, com.instabug.survey.models.State.ENDED, com.instabug.survey.models.State.SUBMITTED}" />
    </annotation>
  </item>
</root>

