<?xml version="1.0" encoding="UTF-8"?>
<root>
  <item name="com.instabug.library.core.InstabugCore int getPlatform()">
    <annotation name="androidx.annotation.IntDef">
      <val name="value" val="{com.instabug.library.Platform.ANDROID, com.instabug.library.Platform.RN, com.instabug.library.Platform.XAMARIN, com.instabug.library.Platform.CORDOVA, com.instabug.library.Platform.UNITY, com.instabug.library.Platform.FLUTTER}" />
    </annotation>
  </item>
  <item name="com.instabug.library.core.InstabugCore void setPluginState(java.lang.Class&lt;T&gt;, int) 1">
    <annotation name="androidx.annotation.IntDef">
      <val name="value" val="{com.instabug.library.core.plugin.Plugin.STATE_FOREGROUND, com.instabug.library.core.plugin.Plugin.STATE_BACKGROUND, com.instabug.library.core.plugin.Plugin.STATE_PROCESSING_ATTACHMENT}" />
    </annotation>
  </item>
</root>

