<?xml version="1.0" encoding="UTF-8"?>
<root>
  <item name="com.instabug.chat.ui.ChatActivity int getChatProcess(android.content.Intent)">
    <annotation name="androidx.annotation.IntDef">
      <val name="value" val="{com.instabug.chat.ui.ChatActivityLauncher.PROCESS_CHATS, com.instabug.chat.ui.ChatActivityLauncher.PROCESS_CHAT, com.instabug.chat.ui.ChatActivityLauncher.PROCESS_NEW_CHAT, com.instabug.chat.ui.ChatActivityLauncher.PROCESS_HANGING_CHAT}" />
    </annotation>
  </item>
  <item name="com.instabug.chat.ui.ChatActivityLauncher.ChatProcess">
    <annotation name="androidx.annotation.IntDef">
      <val name="value" val="{com.instabug.chat.ui.ChatActivityLauncher.PROCESS_CHATS, com.instabug.chat.ui.ChatActivityLauncher.PROCESS_CHAT, com.instabug.chat.ui.ChatActivityLauncher.PROCESS_NEW_CHAT, com.instabug.chat.ui.ChatActivityLauncher.PROCESS_HANGING_CHAT}" />
    </annotation>
  </item>
  <item name="com.instabug.chat.ui.ChatContract.Presenter void handleChatProcess(int) 0">
    <annotation name="androidx.annotation.IntDef">
      <val name="value" val="{com.instabug.chat.ui.ChatActivityLauncher.PROCESS_CHATS, com.instabug.chat.ui.ChatActivityLauncher.PROCESS_CHAT, com.instabug.chat.ui.ChatActivityLauncher.PROCESS_NEW_CHAT, com.instabug.chat.ui.ChatActivityLauncher.PROCESS_HANGING_CHAT}" />
    </annotation>
  </item>
  <item name="com.instabug.chat.ui.ChatContract.View int getChatProcess(android.content.Intent)">
    <annotation name="androidx.annotation.IntDef">
      <val name="value" val="{com.instabug.chat.ui.ChatActivityLauncher.PROCESS_CHATS, com.instabug.chat.ui.ChatActivityLauncher.PROCESS_CHAT, com.instabug.chat.ui.ChatActivityLauncher.PROCESS_NEW_CHAT, com.instabug.chat.ui.ChatActivityLauncher.PROCESS_HANGING_CHAT}" />
    </annotation>
  </item>
  <item name="com.instabug.chat.ui.ChatPresenter void handleChatProcess(int) 0">
    <annotation name="androidx.annotation.IntDef">
      <val name="value" val="{com.instabug.chat.ui.ChatActivityLauncher.PROCESS_CHATS, com.instabug.chat.ui.ChatActivityLauncher.PROCESS_CHAT, com.instabug.chat.ui.ChatActivityLauncher.PROCESS_NEW_CHAT, com.instabug.chat.ui.ChatActivityLauncher.PROCESS_HANGING_CHAT}" />
    </annotation>
  </item>
</root>

