<?xml version="1.0" encoding="UTF-8"?>
<root>
  <item name="com.instabug.survey.common.userInteractions.UserInteractionCacheManager com.instabug.survey.common.models.UserInteraction retrieveUserInteraction(long, java.lang.String, int) 2">
    <annotation name="androidx.annotation.IntDef">
      <val name="value" val="{com.instabug.survey.models.UserInteractionOnTypes.SURVEY, com.instabug.survey.models.UserInteractionOnTypes.ANNOUNCEMENT}" />
    </annotation>
  </item>
  <item name="com.instabug.survey.common.userInteractions.UserInteractionCacheManager void deleteUserInteraction(long, java.lang.String, int) 2">
    <annotation name="androidx.annotation.IntDef">
      <val name="value" val="{com.instabug.survey.models.UserInteractionOnTypes.SURVEY, com.instabug.survey.models.UserInteractionOnTypes.ANNOUNCEMENT}" />
    </annotation>
  </item>
  <item name="com.instabug.survey.common.userInteractions.UserInteractionDbHelper com.instabug.survey.common.models.UserInteraction retrieveBySurveyIdAndUUID(java.lang.Long, java.lang.String, int) 2">
    <annotation name="androidx.annotation.IntDef">
      <val name="value" val="{com.instabug.survey.models.UserInteractionOnTypes.SURVEY, com.instabug.survey.models.UserInteractionOnTypes.ANNOUNCEMENT}" />
    </annotation>
  </item>
  <item name="com.instabug.survey.common.userInteractions.UserInteractionDbHelper void delete(java.lang.Long, java.lang.String, int) 2">
    <annotation name="androidx.annotation.IntDef">
      <val name="value" val="{com.instabug.survey.models.UserInteractionOnTypes.SURVEY, com.instabug.survey.models.UserInteractionOnTypes.ANNOUNCEMENT}" />
    </annotation>
  </item>
</root>

