<?xml version="1.0" encoding="UTF-8"?>
<root>
  <item name="com.instabug.library.networkv2.request.Header">
    <annotation name="androidx.annotation.StringDef">
      <val name="value" val="{com.instabug.library.networkv2.request.Header.IF_MATCH, com.instabug.library.networkv2.request.Header.CONTENT_TYPE, com.instabug.library.networkv2.request.Header.ACCEPT_CHARSET, com.instabug.library.networkv2.request.Header.CONTENT_ENCODING, com.instabug.library.networkv2.request.Header.CONNECTION, com.instabug.library.networkv2.request.Header.CACHE_CONTROL, com.instabug.library.networkv2.request.Header.AUTHORIZATION, com.instabug.library.networkv2.request.Header.APP_VERSION, com.instabug.library.networkv2.request.Header.SDK_VERSION}" />
    </annotation>
  </item>
  <item name="com.instabug.library.networkv2.request.Request int getRequestType()">
    <annotation name="androidx.annotation.IntDef">
      <val name="value" val="{com.instabug.library.networkv2.request.RequestType.NORMAL, com.instabug.library.networkv2.request.RequestType.MULTI_PART, com.instabug.library.networkv2.request.RequestType.FILE_DOWNLOAD, com.instabug.library.networkv2.request.RequestType.UNDEFINED}" />
    </annotation>
  </item>
  <item name="com.instabug.library.networkv2.request.Request java.lang.String getRequestMethod()">
    <annotation name="androidx.annotation.StringDef">
      <val name="value" val="{com.instabug.library.networkv2.request.RequestMethod.GET, com.instabug.library.networkv2.request.RequestMethod.POST, com.instabug.library.networkv2.request.RequestMethod.PUT, com.instabug.library.networkv2.request.RequestMethod.DELETE}" />
    </annotation>
  </item>
  <item name="com.instabug.library.networkv2.request.Request requestMethod">
    <annotation name="androidx.annotation.StringDef">
      <val name="value" val="{com.instabug.library.networkv2.request.RequestMethod.GET, com.instabug.library.networkv2.request.RequestMethod.POST, com.instabug.library.networkv2.request.RequestMethod.PUT, com.instabug.library.networkv2.request.RequestMethod.DELETE}" />
    </annotation>
  </item>
  <item name="com.instabug.library.networkv2.request.Request requestType">
    <annotation name="androidx.annotation.IntDef">
      <val name="value" val="{com.instabug.library.networkv2.request.RequestType.NORMAL, com.instabug.library.networkv2.request.RequestType.MULTI_PART, com.instabug.library.networkv2.request.RequestType.FILE_DOWNLOAD, com.instabug.library.networkv2.request.RequestType.UNDEFINED}" />
    </annotation>
  </item>
  <item name="com.instabug.library.networkv2.request.Request.Builder com.instabug.library.networkv2.request.Request.Builder method(java.lang.String) 0">
    <annotation name="androidx.annotation.StringDef">
      <val name="value" val="{com.instabug.library.networkv2.request.RequestMethod.GET, com.instabug.library.networkv2.request.RequestMethod.POST, com.instabug.library.networkv2.request.RequestMethod.PUT, com.instabug.library.networkv2.request.RequestMethod.DELETE}" />
    </annotation>
  </item>
  <item name="com.instabug.library.networkv2.request.Request.Builder com.instabug.library.networkv2.request.Request.Builder type(int) 0">
    <annotation name="androidx.annotation.IntDef">
      <val name="value" val="{com.instabug.library.networkv2.request.RequestType.NORMAL, com.instabug.library.networkv2.request.RequestType.MULTI_PART, com.instabug.library.networkv2.request.RequestType.FILE_DOWNLOAD, com.instabug.library.networkv2.request.RequestType.UNDEFINED}" />
    </annotation>
  </item>
  <item name="com.instabug.library.networkv2.request.Request.Builder method">
    <annotation name="androidx.annotation.StringDef">
      <val name="value" val="{com.instabug.library.networkv2.request.RequestMethod.GET, com.instabug.library.networkv2.request.RequestMethod.POST, com.instabug.library.networkv2.request.RequestMethod.PUT, com.instabug.library.networkv2.request.RequestMethod.DELETE}" />
    </annotation>
  </item>
  <item name="com.instabug.library.networkv2.request.Request.Builder type">
    <annotation name="androidx.annotation.IntDef">
      <val name="value" val="{com.instabug.library.networkv2.request.RequestType.NORMAL, com.instabug.library.networkv2.request.RequestType.MULTI_PART, com.instabug.library.networkv2.request.RequestType.FILE_DOWNLOAD, com.instabug.library.networkv2.request.RequestType.UNDEFINED}" />
    </annotation>
  </item>
  <item name="com.instabug.library.networkv2.request.RequestMethod">
    <annotation name="androidx.annotation.StringDef">
      <val name="value" val="{com.instabug.library.networkv2.request.RequestMethod.GET, com.instabug.library.networkv2.request.RequestMethod.POST, com.instabug.library.networkv2.request.RequestMethod.PUT, com.instabug.library.networkv2.request.RequestMethod.DELETE}" />
    </annotation>
  </item>
  <item name="com.instabug.library.networkv2.request.RequestType">
    <annotation name="androidx.annotation.IntDef">
      <val name="value" val="{com.instabug.library.networkv2.request.RequestType.NORMAL, com.instabug.library.networkv2.request.RequestType.MULTI_PART, com.instabug.library.networkv2.request.RequestType.FILE_DOWNLOAD, com.instabug.library.networkv2.request.RequestType.UNDEFINED}" />
    </annotation>
  </item>
</root>

