<?xml version="1.0" encoding="UTF-8"?>
<root>
  <item name="com.instabug.library.networkv2.INetworkManager void doRequest(int, com.instabug.library.networkv2.request.Request, com.instabug.library.networkv2.request.Request.Callbacks&lt;com.instabug.library.network.RequestResponse,java.lang.Throwable&gt;) 0">
    <annotation name="androidx.annotation.IntDef">
      <val name="value" val="{com.instabug.library.networkv2.request.RequestType.NORMAL, com.instabug.library.networkv2.request.RequestType.MULTI_PART, com.instabug.library.networkv2.request.RequestType.FILE_DOWNLOAD, com.instabug.library.networkv2.request.RequestType.UNDEFINED}" />
    </annotation>
  </item>
  <item name="com.instabug.library.networkv2.NetworkManager void doRequest(int, com.instabug.library.networkv2.request.Request, com.instabug.library.networkv2.request.Request.Callbacks&lt;com.instabug.library.network.RequestResponse,java.lang.Throwable&gt;) 0">
    <annotation name="androidx.annotation.IntDef">
      <val name="value" val="{com.instabug.library.networkv2.request.RequestType.NORMAL, com.instabug.library.networkv2.request.RequestType.MULTI_PART, com.instabug.library.networkv2.request.RequestType.FILE_DOWNLOAD, com.instabug.library.networkv2.request.RequestType.UNDEFINED}" />
    </annotation>
  </item>
</root>

