<?xml version="1.0" encoding="UTF-8"?>
<root>
  <item name="com.instabug.library.network.Request.Header">
    <annotation name="androidx.annotation.StringDef">
      <val name="value" val="{com.instabug.library.network.Request.Header.IF_MATCH, com.instabug.library.network.Request.Header.CONTENT_TYPE, com.instabug.library.network.Request.Header.ACCEPT_CHARSET, com.instabug.library.network.Request.Header.CONTENT_ENCODING, com.instabug.library.network.Request.Header.CONNECTION, com.instabug.library.network.Request.Header.CACHE_CONTROL, com.instabug.library.network.Request.Header.AUTHORIZATION, com.instabug.library.network.Request.Header.SYSTEM_PLATFORM_OS, com.instabug.library.network.Request.Header.ANDROID_VERSION}" />
    </annotation>
  </item>
  <item name="com.instabug.library.network.RequestResponse int getResponseCode()">
    <annotation name="androidx.annotation.IntDef">
      <val name="value" val="{com.instabug.library.network.RequestResponse.HttpStatusCode._2xx.OK, com.instabug.library.network.RequestResponse.HttpStatusCode._3xx.NOT_MODIFIED, com.instabug.library.network.RequestResponse.HttpStatusCode._4xx.BAD_REQUEST}" />
    </annotation>
  </item>
  <item name="com.instabug.library.network.RequestResponse.HttpStatusCode">
    <annotation name="androidx.annotation.IntDef">
      <val name="value" val="{com.instabug.library.network.RequestResponse.HttpStatusCode._2xx.OK, com.instabug.library.network.RequestResponse.HttpStatusCode._3xx.NOT_MODIFIED, com.instabug.library.network.RequestResponse.HttpStatusCode._4xx.BAD_REQUEST}" />
    </annotation>
  </item>
  <item name="com.instabug.library.network.RequestResponse.HttpStatusCode._2xx">
    <annotation name="androidx.annotation.IntDef">
      <val name="value" val="{com.instabug.library.network.RequestResponse.HttpStatusCode._2xx.OK}" />
    </annotation>
  </item>
  <item name="com.instabug.library.network.RequestResponse.HttpStatusCode._3xx">
    <annotation name="androidx.annotation.IntDef">
      <val name="value" val="{com.instabug.library.network.RequestResponse.HttpStatusCode._3xx.NOT_MODIFIED}" />
    </annotation>
  </item>
  <item name="com.instabug.library.network.RequestResponse.HttpStatusCode._4xx">
    <annotation name="androidx.annotation.IntDef">
      <val name="value" val="{com.instabug.library.network.RequestResponse.HttpStatusCode._4xx.BAD_REQUEST, com.instabug.library.network.RequestResponse.HttpStatusCode._4xx.RATE_LIMIT_REACHED}" />
    </annotation>
  </item>
</root>

