<?xml version="1.0" encoding="UTF-8"?>
<root>
  <item name="com.instabug.library.model.session.config.SessionsConfig syncMode">
    <annotation name="androidx.annotation.IntDef">
      <val name="value" val="{com.instabug.library.model.session.config.SyncMode.OFF, com.instabug.library.model.session.config.SyncMode.NO_BATCHING, com.instabug.library.model.session.config.SyncMode.BATCHING}" />
    </annotation>
  </item>
  <item name="com.instabug.library.model.session.config.SessionsConfigParameter">
    <annotation name="androidx.annotation.StringDef">
      <val name="value" val="{com.instabug.library.model.session.config.SessionsConfigParameter.SYNC_INTERVAL, com.instabug.library.model.session.config.SessionsConfigParameter.MAX_SESSIONS_PER_REQUEST, com.instabug.library.model.session.config.SessionsConfigParameter.SYNC_MODE}" />
    </annotation>
  </item>
  <item name="com.instabug.library.model.session.config.SyncMode">
    <annotation name="androidx.annotation.IntDef">
      <val name="value" val="{com.instabug.library.model.session.config.SyncMode.OFF, com.instabug.library.model.session.config.SyncMode.NO_BATCHING, com.instabug.library.model.session.config.SyncMode.BATCHING}" />
    </annotation>
  </item>
</root>

