<?xml version="1.0" encoding="UTF-8"?>
<root>
  <item name="com.instabug.featuresrequest.ActionType">
    <annotation name="androidx.annotation.IntDef">
      <val name="flag" val="true" />
      <val name="value" val="{com.instabug.featuresrequest.ActionType.REQUEST_NEW_FEATURE, com.instabug.featuresrequest.ActionType.ADD_COMMENT_TO_FEATURE}" />
    </annotation>
  </item>
  <item name="com.instabug.featuresrequest.FeatureRequests void setEmailFieldRequired(boolean, int...) 1">
    <annotation name="androidx.annotation.IntDef">
      <val name="flag" val="true" />
      <val name="value" val="{com.instabug.featuresrequest.ActionType.REQUEST_NEW_FEATURE, com.instabug.featuresrequest.ActionType.ADD_COMMENT_TO_FEATURE}" />
    </annotation>
  </item>
</root>

