<?xml version="1.0" encoding="UTF-8"?>
<root>
  <item name="com.instabug.bug.model.Bug com.instabug.bug.model.Bug setType(java.lang.String) 0">
    <annotation name="androidx.annotation.StringDef">
      <val name="value" val="{com.instabug.bug.Constants.ReportType.BUG, com.instabug.bug.Constants.ReportType.FEEDBACK, com.instabug.bug.Constants.ReportType.ASK_QUESTION, com.instabug.bug.Constants.ReportType.NOT_AVAILABLE}" />
    </annotation>
  </item>
  <item name="com.instabug.bug.model.Bug java.lang.String getType()">
    <annotation name="androidx.annotation.StringDef">
      <val name="value" val="{com.instabug.bug.Constants.ReportType.BUG, com.instabug.bug.Constants.ReportType.FEEDBACK, com.instabug.bug.Constants.ReportType.ASK_QUESTION, com.instabug.bug.Constants.ReportType.NOT_AVAILABLE}" />
    </annotation>
  </item>
  <item name="com.instabug.bug.model.ReportCategory boolean hasSubCategories(java.lang.String) 0">
    <annotation name="androidx.annotation.StringDef">
      <val name="value" val="{com.instabug.bug.Constants.ReportType.BUG, com.instabug.bug.Constants.ReportType.FEEDBACK, com.instabug.bug.Constants.ReportType.ASK_QUESTION, com.instabug.bug.Constants.ReportType.NOT_AVAILABLE}" />
    </annotation>
  </item>
  <item name="com.instabug.bug.model.ReportCategory java.util.List&lt;com.instabug.bug.model.ReportCategory&gt; getRemoteSubReportCategories(java.lang.String) 0">
    <annotation name="androidx.annotation.StringDef">
      <val name="value" val="{com.instabug.bug.Constants.ReportType.BUG, com.instabug.bug.Constants.ReportType.FEEDBACK, com.instabug.bug.Constants.ReportType.ASK_QUESTION, com.instabug.bug.Constants.ReportType.NOT_AVAILABLE}" />
    </annotation>
  </item>
  <item name="com.instabug.bug.model.ReportCategory java.util.List&lt;com.instabug.bug.model.ReportCategory&gt; getSubReportCategories(java.lang.String) 0">
    <annotation name="androidx.annotation.StringDef">
      <val name="value" val="{com.instabug.bug.Constants.ReportType.BUG, com.instabug.bug.Constants.ReportType.FEEDBACK, com.instabug.bug.Constants.ReportType.ASK_QUESTION, com.instabug.bug.Constants.ReportType.NOT_AVAILABLE}" />
    </annotation>
  </item>
</root>

