<?xml version="1.0" encoding="UTF-8"?>
<root>
  <item name="com.instabug.library.internal.storage.cache.db.userAttribute.UserAttributeCacheManager int getType(java.lang.String)">
    <annotation name="androidx.annotation.IntDef">
      <val name="value" val="{com.instabug.library.model.UserAttribute.Type.UNSPECIFIED, com.instabug.library.model.UserAttribute.Type.SDK, com.instabug.library.model.UserAttribute.Type.BACKEND}" />
    </annotation>
  </item>
  <item name="com.instabug.library.internal.storage.cache.db.userAttribute.UserAttributeCacheManager void deleteAll(int) 0">
    <annotation name="androidx.annotation.IntDef">
      <val name="value" val="{com.instabug.library.model.UserAttribute.Type.UNSPECIFIED, com.instabug.library.model.UserAttribute.Type.SDK, com.instabug.library.model.UserAttribute.Type.BACKEND}" />
    </annotation>
  </item>
  <item name="com.instabug.library.internal.storage.cache.db.userAttribute.UserAttributesDbHelper int getType(java.lang.String, java.lang.String)">
    <annotation name="androidx.annotation.IntDef">
      <val name="value" val="{com.instabug.library.model.UserAttribute.Type.UNSPECIFIED, com.instabug.library.model.UserAttribute.Type.SDK, com.instabug.library.model.UserAttribute.Type.BACKEND}" />
    </annotation>
  </item>
  <item name="com.instabug.library.internal.storage.cache.db.userAttribute.UserAttributesDbHelper void deleteType(java.lang.String, int) 1">
    <annotation name="androidx.annotation.IntDef">
      <val name="value" val="{com.instabug.library.model.UserAttribute.Type.UNSPECIFIED, com.instabug.library.model.UserAttribute.Type.SDK, com.instabug.library.model.UserAttribute.Type.BACKEND}" />
    </annotation>
  </item>
</root>

