<?xml version="1.0" encoding="UTF-8"?>
<root>
  <item name="com.instabug.bug.reportingpromptitems.AskQuestionPromptItem com.instabug.library.core.plugin.PluginPromptOption getSubOption(com.instabug.bug.model.ReportCategory, com.instabug.library.core.plugin.PluginPromptOption, java.lang.String, int) 2">
    <annotation name="androidx.annotation.StringDef">
      <val name="value" val="{com.instabug.bug.Constants.ReportType.BUG, com.instabug.bug.Constants.ReportType.FEEDBACK, com.instabug.bug.Constants.ReportType.ASK_QUESTION, com.instabug.bug.Constants.ReportType.NOT_AVAILABLE}" />
    </annotation>
  </item>
  <item name="com.instabug.bug.reportingpromptitems.BaseReportingPromptItem com.instabug.library.core.plugin.PluginPromptOption getSubOption(com.instabug.bug.model.ReportCategory, com.instabug.library.core.plugin.PluginPromptOption, java.lang.String, int) 2">
    <annotation name="androidx.annotation.StringDef">
      <val name="value" val="{com.instabug.bug.Constants.ReportType.BUG, com.instabug.bug.Constants.ReportType.FEEDBACK, com.instabug.bug.Constants.ReportType.ASK_QUESTION, com.instabug.bug.Constants.ReportType.NOT_AVAILABLE}" />
    </annotation>
  </item>
  <item name="com.instabug.bug.reportingpromptitems.BaseReportingPromptItem java.util.ArrayList&lt;com.instabug.library.core.plugin.PluginPromptOption&gt; getSubOptions(java.lang.String) 0">
    <annotation name="androidx.annotation.StringDef">
      <val name="value" val="{com.instabug.bug.Constants.ReportType.BUG, com.instabug.bug.Constants.ReportType.FEEDBACK, com.instabug.bug.Constants.ReportType.ASK_QUESTION, com.instabug.bug.Constants.ReportType.NOT_AVAILABLE}" />
    </annotation>
  </item>
  <item name="com.instabug.bug.reportingpromptitems.BaseReportingPromptItem java.util.ArrayList&lt;com.instabug.library.core.plugin.PluginPromptOption&gt; getSubOptions(java.util.List&lt;com.instabug.bug.model.ReportCategory&gt;, com.instabug.library.core.plugin.PluginPromptOption, java.lang.String) 2">
    <annotation name="androidx.annotation.StringDef">
      <val name="value" val="{com.instabug.bug.Constants.ReportType.BUG, com.instabug.bug.Constants.ReportType.FEEDBACK, com.instabug.bug.Constants.ReportType.ASK_QUESTION, com.instabug.bug.Constants.ReportType.NOT_AVAILABLE}" />
    </annotation>
  </item>
  <item name="com.instabug.bug.reportingpromptitems.BugReportingPromptItem com.instabug.library.core.plugin.PluginPromptOption getSubOption(com.instabug.bug.model.ReportCategory, com.instabug.library.core.plugin.PluginPromptOption, java.lang.String, int) 2">
    <annotation name="androidx.annotation.StringDef">
      <val name="value" val="{com.instabug.bug.Constants.ReportType.BUG, com.instabug.bug.Constants.ReportType.FEEDBACK, com.instabug.bug.Constants.ReportType.ASK_QUESTION, com.instabug.bug.Constants.ReportType.NOT_AVAILABLE}" />
    </annotation>
  </item>
  <item name="com.instabug.bug.reportingpromptitems.FeedbackPromptItem com.instabug.library.core.plugin.PluginPromptOption getSubOption(com.instabug.bug.model.ReportCategory, com.instabug.library.core.plugin.PluginPromptOption, java.lang.String, int) 2">
    <annotation name="androidx.annotation.StringDef">
      <val name="value" val="{com.instabug.bug.Constants.ReportType.BUG, com.instabug.bug.Constants.ReportType.FEEDBACK, com.instabug.bug.Constants.ReportType.ASK_QUESTION, com.instabug.bug.Constants.ReportType.NOT_AVAILABLE}" />
    </annotation>
  </item>
</root>

