<?xml version="1.0" encoding="UTF-8"?>
<root>
  <item name="com.instabug.library.model.session.CoreSession int getSyncStatus()">
    <annotation name="androidx.annotation.IntDef">
      <val name="value" val="{com.instabug.library.model.session.SyncStatus.OFFLINE, com.instabug.library.model.session.SyncStatus.READY_FOR_SYNC, com.instabug.library.model.session.SyncStatus.SYNCED_WITH_REMOTE}" />
    </annotation>
  </item>
  <item name="com.instabug.library.model.session.CoreSession syncStatus">
    <annotation name="androidx.annotation.IntDef">
      <val name="value" val="{com.instabug.library.model.session.SyncStatus.OFFLINE, com.instabug.library.model.session.SyncStatus.READY_FOR_SYNC, com.instabug.library.model.session.SyncStatus.SYNCED_WITH_REMOTE}" />
    </annotation>
  </item>
  <item name="com.instabug.library.model.session.CoreSession.Builder com.instabug.library.model.session.CoreSession.Builder setSyncStatus(int) 0">
    <annotation name="androidx.annotation.IntDef">
      <val name="value" val="{com.instabug.library.model.session.SyncStatus.OFFLINE, com.instabug.library.model.session.SyncStatus.READY_FOR_SYNC, com.instabug.library.model.session.SyncStatus.SYNCED_WITH_REMOTE}" />
    </annotation>
  </item>
  <item name="com.instabug.library.model.session.CoreSession.Builder syncStatus">
    <annotation name="androidx.annotation.IntDef">
      <val name="value" val="{com.instabug.library.model.session.SyncStatus.OFFLINE, com.instabug.library.model.session.SyncStatus.READY_FOR_SYNC, com.instabug.library.model.session.SyncStatus.SYNCED_WITH_REMOTE}" />
    </annotation>
  </item>
  <item name="com.instabug.library.model.session.SessionLocalEntity SessionLocalEntity(java.lang.String, java.lang.String, java.lang.String, long, long, java.lang.String, java.lang.String, java.lang.String, java.lang.String, java.lang.String, java.lang.String, java.lang.String, java.lang.String, boolean, int, java.lang.String, java.lang.String, boolean, java.lang.String) 14">
    <annotation name="androidx.annotation.IntDef">
      <val name="value" val="{com.instabug.library.model.session.SyncStatus.OFFLINE, com.instabug.library.model.session.SyncStatus.READY_FOR_SYNC, com.instabug.library.model.session.SyncStatus.SYNCED_WITH_REMOTE}" />
    </annotation>
  </item>
  <item name="com.instabug.library.model.session.SessionLocalEntity int getSyncStatus()">
    <annotation name="androidx.annotation.IntDef">
      <val name="value" val="{com.instabug.library.model.session.SyncStatus.OFFLINE, com.instabug.library.model.session.SyncStatus.READY_FOR_SYNC, com.instabug.library.model.session.SyncStatus.SYNCED_WITH_REMOTE}" />
    </annotation>
  </item>
  <item name="com.instabug.library.model.session.SessionLocalEntity syncStatus">
    <annotation name="androidx.annotation.IntDef">
      <val name="value" val="{com.instabug.library.model.session.SyncStatus.OFFLINE, com.instabug.library.model.session.SyncStatus.READY_FOR_SYNC, com.instabug.library.model.session.SyncStatus.SYNCED_WITH_REMOTE}" />
    </annotation>
  </item>
  <item name="com.instabug.library.model.session.SessionParameter">
    <annotation name="androidx.annotation.StringDef">
      <val name="value" val="{com.instabug.library.model.session.SessionParameter.OS, com.instabug.library.model.session.SessionParameter.DEVICE, com.instabug.library.model.session.SessionParameter.USER_NAME, com.instabug.library.model.session.SessionParameter.USER_EMAIL, com.instabug.library.model.session.SessionParameter.DURATION, com.instabug.library.model.session.SessionParameter.STARTED_AT, com.instabug.library.model.session.SessionParameter.SDK_VERSION, com.instabug.library.model.session.SessionParameter.APP_VERSION, com.instabug.library.model.session.SessionParameter.USER_EVENTS, com.instabug.library.model.session.SessionParameter.CUSTOM_ATTRIBUTES, com.instabug.library.model.session.SessionParameter.CRASH_REPORTING_ENABLED, com.instabug.library.model.session.SessionParameter.UUID, com.instabug.library.model.session.SessionParameter.APP_TOKEN}" />
    </annotation>
  </item>
  <item name="com.instabug.library.model.session.SyncStatus">
    <annotation name="androidx.annotation.IntDef">
      <val name="value" val="{com.instabug.library.model.session.SyncStatus.OFFLINE, com.instabug.library.model.session.SyncStatus.READY_FOR_SYNC, com.instabug.library.model.session.SyncStatus.SYNCED_WITH_REMOTE}" />
    </annotation>
  </item>
</root>

