<?xml version="1.0" encoding="UTF-8"?>
<root>
  <item name="com.instabug.survey.ui.SurveyPresenter java.lang.String getSurveyState(com.instabug.survey.models.Survey)">
    <annotation name="androidx.annotation.StringDef">
      <val name="value" val="{com.instabug.survey.models.State.DISMISSED, com.instabug.survey.models.State.ENDED, com.instabug.survey.models.State.SUBMITTED}" />
    </annotation>
  </item>
  <item name="com.instabug.survey.ui.SurveyPresenter void handleOnFinishCallback(com.instabug.survey.models.Survey, java.lang.String) 1">
    <annotation name="androidx.annotation.StringDef">
      <val name="value" val="{com.instabug.survey.models.State.DISMISSED, com.instabug.survey.models.State.ENDED, com.instabug.survey.models.State.SUBMITTED}" />
    </annotation>
  </item>
</root>

