<?xml version="1.0" encoding="UTF-8"?>
<root>
  <item name="com.instabug.library.model.LoggingSettings int getLevel()">
    <annotation name="androidx.annotation.IntDef">
      <val name="value" val="{com.instabug.library.model.LoggingSettings.LogLevels.UNDEFINED_LEVEL, com.instabug.library.model.LoggingSettings.LogLevels.NO_LOGS, com.instabug.library.model.LoggingSettings.LogLevels.LEVEL_ONE, com.instabug.library.model.LoggingSettings.LogLevels.LEVEL_TWO}" />
    </annotation>
  </item>
  <item name="com.instabug.library.model.LoggingSettings.LogLevels">
    <annotation name="androidx.annotation.IntDef">
      <val name="value" val="{com.instabug.library.model.LoggingSettings.LogLevels.UNDEFINED_LEVEL, com.instabug.library.model.LoggingSettings.LogLevels.NO_LOGS, com.instabug.library.model.LoggingSettings.LogLevels.LEVEL_ONE, com.instabug.library.model.LoggingSettings.LogLevels.LEVEL_TWO}" />
    </annotation>
  </item>
  <item name="com.instabug.library.model.ScreenshotCaptureStatus">
    <annotation name="androidx.annotation.IntDef">
      <val name="value" val="{com.instabug.library.model.ScreenshotCaptureStatus.SUCCESS, com.instabug.library.model.ScreenshotCaptureStatus.FAILURE}" />
    </annotation>
  </item>
  <item name="com.instabug.library.model.ScreenshotResponse ScreenshotResponse(int, android.graphics.Bitmap) 0">
    <annotation name="androidx.annotation.IntDef">
      <val name="value" val="{com.instabug.library.model.ScreenshotCaptureStatus.SUCCESS, com.instabug.library.model.ScreenshotCaptureStatus.FAILURE}" />
    </annotation>
  </item>
  <item name="com.instabug.library.model.ScreenshotResponse ScreenshotResponse(int, java.lang.Throwable) 0">
    <annotation name="androidx.annotation.IntDef">
      <val name="value" val="{com.instabug.library.model.ScreenshotCaptureStatus.SUCCESS, com.instabug.library.model.ScreenshotCaptureStatus.FAILURE}" />
    </annotation>
  </item>
  <item name="com.instabug.library.model.ScreenshotResponse int getStatus()">
    <annotation name="androidx.annotation.IntDef">
      <val name="value" val="{com.instabug.library.model.ScreenshotCaptureStatus.SUCCESS, com.instabug.library.model.ScreenshotCaptureStatus.FAILURE}" />
    </annotation>
  </item>
  <item name="com.instabug.library.model.ScreenshotResponse status">
    <annotation name="androidx.annotation.IntDef">
      <val name="value" val="{com.instabug.library.model.ScreenshotCaptureStatus.SUCCESS, com.instabug.library.model.ScreenshotCaptureStatus.FAILURE}" />
    </annotation>
  </item>
  <item name="com.instabug.library.model.StepType">
    <annotation name="androidx.annotation.StringDef">
      <val name="value" val="{com.instabug.library.model.StepType.UNKNOWN, com.instabug.library.model.StepType.APPLICATION_CREATED, com.instabug.library.model.StepType.ACTIVITY_CREATED, com.instabug.library.model.StepType.ACTIVITY_STARTED, com.instabug.library.model.StepType.ACTIVITY_RESUMED, com.instabug.library.model.StepType.ACTIVITY_PAUSED, com.instabug.library.model.StepType.ACTIVITY_STOPPED, com.instabug.library.model.StepType.ACTIVITY_DESTROYED, com.instabug.library.model.StepType.OPEN_DIALOG, com.instabug.library.model.StepType.FRAGMENT_ATTACHED, com.instabug.library.model.StepType.FRAGMENT_VIEW_CREATED, com.instabug.library.model.StepType.FRAGMENT_STARTED, com.instabug.library.model.StepType.FRAGMENT_RESUMED, com.instabug.library.model.StepType.FRAGMENT_PAUSED, com.instabug.library.model.StepType.FRAGMENT_STOPPED, com.instabug.library.model.StepType.FRAGMENT_DETACHED, com.instabug.library.model.StepType.FRAGMENT_VISIBILITY_CHANGED, com.instabug.library.model.StepType.SHAKE, com.instabug.library.model.StepType.TAP, com.instabug.library.model.StepType.DOUBLE_TAP, com.instabug.library.model.StepType.LONG_PRESS, com.instabug.library.model.StepType.FLING, com.instabug.library.model.StepType.SCROLL, com.instabug.library.model.StepType.SWIPE, com.instabug.library.model.StepType.PINCH, com.instabug.library.model.StepType.APPLICATION_BACKGROUND, com.instabug.library.model.StepType.APPLICATION_FOREGROUND, com.instabug.library.model.StepType.ENABLE, com.instabug.library.model.StepType.DISABLE, com.instabug.library.model.StepType.START_EDITING, com.instabug.library.model.StepType.END_EDITING, com.instabug.library.model.StepType.MOVE, com.instabug.library.model.StepType.TAB_SELECT, com.instabug.library.model.StepType.DIALOG_FRAGMENT_RESUMED}" />
    </annotation>
  </item>
  <item name="com.instabug.library.model.UserAttribute UserAttribute(java.lang.String, java.lang.String, java.lang.String, boolean, int) 4">
    <annotation name="androidx.annotation.IntDef">
      <val name="value" val="{com.instabug.library.model.UserAttribute.Type.UNSPECIFIED, com.instabug.library.model.UserAttribute.Type.SDK, com.instabug.library.model.UserAttribute.Type.BACKEND}" />
    </annotation>
  </item>
  <item name="com.instabug.library.model.UserAttribute int getType()">
    <annotation name="androidx.annotation.IntDef">
      <val name="value" val="{com.instabug.library.model.UserAttribute.Type.UNSPECIFIED, com.instabug.library.model.UserAttribute.Type.SDK, com.instabug.library.model.UserAttribute.Type.BACKEND}" />
    </annotation>
  </item>
  <item name="com.instabug.library.model.UserAttribute.Builder com.instabug.library.model.UserAttribute.Builder type(int) 0">
    <annotation name="androidx.annotation.IntDef">
      <val name="value" val="{com.instabug.library.model.UserAttribute.Type.UNSPECIFIED, com.instabug.library.model.UserAttribute.Type.SDK, com.instabug.library.model.UserAttribute.Type.BACKEND}" />
    </annotation>
  </item>
  <item name="com.instabug.library.model.UserAttribute.Type">
    <annotation name="androidx.annotation.IntDef">
      <val name="value" val="{com.instabug.library.model.UserAttribute.Type.UNSPECIFIED, com.instabug.library.model.UserAttribute.Type.SDK, com.instabug.library.model.UserAttribute.Type.BACKEND}" />
    </annotation>
  </item>
  <item name="com.instabug.library.model.UserStep void setType(java.lang.String) 0">
    <annotation name="androidx.annotation.StringDef">
      <val name="value" val="{com.instabug.library.model.StepType.UNKNOWN, com.instabug.library.model.StepType.APPLICATION_CREATED, com.instabug.library.model.StepType.ACTIVITY_CREATED, com.instabug.library.model.StepType.ACTIVITY_STARTED, com.instabug.library.model.StepType.ACTIVITY_RESUMED, com.instabug.library.model.StepType.ACTIVITY_PAUSED, com.instabug.library.model.StepType.ACTIVITY_STOPPED, com.instabug.library.model.StepType.ACTIVITY_DESTROYED, com.instabug.library.model.StepType.OPEN_DIALOG, com.instabug.library.model.StepType.FRAGMENT_ATTACHED, com.instabug.library.model.StepType.FRAGMENT_VIEW_CREATED, com.instabug.library.model.StepType.FRAGMENT_STARTED, com.instabug.library.model.StepType.FRAGMENT_RESUMED, com.instabug.library.model.StepType.FRAGMENT_PAUSED, com.instabug.library.model.StepType.FRAGMENT_STOPPED, com.instabug.library.model.StepType.FRAGMENT_DETACHED, com.instabug.library.model.StepType.FRAGMENT_VISIBILITY_CHANGED, com.instabug.library.model.StepType.SHAKE, com.instabug.library.model.StepType.TAP, com.instabug.library.model.StepType.DOUBLE_TAP, com.instabug.library.model.StepType.LONG_PRESS, com.instabug.library.model.StepType.FLING, com.instabug.library.model.StepType.SCROLL, com.instabug.library.model.StepType.SWIPE, com.instabug.library.model.StepType.PINCH, com.instabug.library.model.StepType.APPLICATION_BACKGROUND, com.instabug.library.model.StepType.APPLICATION_FOREGROUND, com.instabug.library.model.StepType.ENABLE, com.instabug.library.model.StepType.DISABLE, com.instabug.library.model.StepType.START_EDITING, com.instabug.library.model.StepType.END_EDITING, com.instabug.library.model.StepType.MOVE, com.instabug.library.model.StepType.TAB_SELECT, com.instabug.library.model.StepType.DIALOG_FRAGMENT_RESUMED}" />
    </annotation>
  </item>
  <item name="com.instabug.library.model.UserTrackingStep com.instabug.library.model.UserTrackingStep setStepType(java.lang.String) 0">
    <annotation name="androidx.annotation.StringDef">
      <val name="value" val="{com.instabug.library.model.StepType.UNKNOWN, com.instabug.library.model.StepType.APPLICATION_CREATED, com.instabug.library.model.StepType.ACTIVITY_CREATED, com.instabug.library.model.StepType.ACTIVITY_STARTED, com.instabug.library.model.StepType.ACTIVITY_RESUMED, com.instabug.library.model.StepType.ACTIVITY_PAUSED, com.instabug.library.model.StepType.ACTIVITY_STOPPED, com.instabug.library.model.StepType.ACTIVITY_DESTROYED, com.instabug.library.model.StepType.OPEN_DIALOG, com.instabug.library.model.StepType.FRAGMENT_ATTACHED, com.instabug.library.model.StepType.FRAGMENT_VIEW_CREATED, com.instabug.library.model.StepType.FRAGMENT_STARTED, com.instabug.library.model.StepType.FRAGMENT_RESUMED, com.instabug.library.model.StepType.FRAGMENT_PAUSED, com.instabug.library.model.StepType.FRAGMENT_STOPPED, com.instabug.library.model.StepType.FRAGMENT_DETACHED, com.instabug.library.model.StepType.FRAGMENT_VISIBILITY_CHANGED, com.instabug.library.model.StepType.SHAKE, com.instabug.library.model.StepType.TAP, com.instabug.library.model.StepType.DOUBLE_TAP, com.instabug.library.model.StepType.LONG_PRESS, com.instabug.library.model.StepType.FLING, com.instabug.library.model.StepType.SCROLL, com.instabug.library.model.StepType.SWIPE, com.instabug.library.model.StepType.PINCH, com.instabug.library.model.StepType.APPLICATION_BACKGROUND, com.instabug.library.model.StepType.APPLICATION_FOREGROUND, com.instabug.library.model.StepType.ENABLE, com.instabug.library.model.StepType.DISABLE, com.instabug.library.model.StepType.START_EDITING, com.instabug.library.model.StepType.END_EDITING, com.instabug.library.model.StepType.MOVE, com.instabug.library.model.StepType.TAB_SELECT, com.instabug.library.model.StepType.DIALOG_FRAGMENT_RESUMED}" />
    </annotation>
  </item>
  <item name="com.instabug.library.model.UserTrackingStep java.lang.String getStepType()">
    <annotation name="androidx.annotation.StringDef">
      <val name="value" val="{com.instabug.library.model.StepType.UNKNOWN, com.instabug.library.model.StepType.APPLICATION_CREATED, com.instabug.library.model.StepType.ACTIVITY_CREATED, com.instabug.library.model.StepType.ACTIVITY_STARTED, com.instabug.library.model.StepType.ACTIVITY_RESUMED, com.instabug.library.model.StepType.ACTIVITY_PAUSED, com.instabug.library.model.StepType.ACTIVITY_STOPPED, com.instabug.library.model.StepType.ACTIVITY_DESTROYED, com.instabug.library.model.StepType.OPEN_DIALOG, com.instabug.library.model.StepType.FRAGMENT_ATTACHED, com.instabug.library.model.StepType.FRAGMENT_VIEW_CREATED, com.instabug.library.model.StepType.FRAGMENT_STARTED, com.instabug.library.model.StepType.FRAGMENT_RESUMED, com.instabug.library.model.StepType.FRAGMENT_PAUSED, com.instabug.library.model.StepType.FRAGMENT_STOPPED, com.instabug.library.model.StepType.FRAGMENT_DETACHED, com.instabug.library.model.StepType.FRAGMENT_VISIBILITY_CHANGED, com.instabug.library.model.StepType.SHAKE, com.instabug.library.model.StepType.TAP, com.instabug.library.model.StepType.DOUBLE_TAP, com.instabug.library.model.StepType.LONG_PRESS, com.instabug.library.model.StepType.FLING, com.instabug.library.model.StepType.SCROLL, com.instabug.library.model.StepType.SWIPE, com.instabug.library.model.StepType.PINCH, com.instabug.library.model.StepType.APPLICATION_BACKGROUND, com.instabug.library.model.StepType.APPLICATION_FOREGROUND, com.instabug.library.model.StepType.ENABLE, com.instabug.library.model.StepType.DISABLE, com.instabug.library.model.StepType.START_EDITING, com.instabug.library.model.StepType.END_EDITING, com.instabug.library.model.StepType.MOVE, com.instabug.library.model.StepType.TAB_SELECT, com.instabug.library.model.StepType.DIALOG_FRAGMENT_RESUMED}" />
    </annotation>
  </item>
  <item name="com.instabug.library.model.UserTrackingStep stepType">
    <annotation name="androidx.annotation.StringDef">
      <val name="value" val="{com.instabug.library.model.StepType.UNKNOWN, com.instabug.library.model.StepType.APPLICATION_CREATED, com.instabug.library.model.StepType.ACTIVITY_CREATED, com.instabug.library.model.StepType.ACTIVITY_STARTED, com.instabug.library.model.StepType.ACTIVITY_RESUMED, com.instabug.library.model.StepType.ACTIVITY_PAUSED, com.instabug.library.model.StepType.ACTIVITY_STOPPED, com.instabug.library.model.StepType.ACTIVITY_DESTROYED, com.instabug.library.model.StepType.OPEN_DIALOG, com.instabug.library.model.StepType.FRAGMENT_ATTACHED, com.instabug.library.model.StepType.FRAGMENT_VIEW_CREATED, com.instabug.library.model.StepType.FRAGMENT_STARTED, com.instabug.library.model.StepType.FRAGMENT_RESUMED, com.instabug.library.model.StepType.FRAGMENT_PAUSED, com.instabug.library.model.StepType.FRAGMENT_STOPPED, com.instabug.library.model.StepType.FRAGMENT_DETACHED, com.instabug.library.model.StepType.FRAGMENT_VISIBILITY_CHANGED, com.instabug.library.model.StepType.SHAKE, com.instabug.library.model.StepType.TAP, com.instabug.library.model.StepType.DOUBLE_TAP, com.instabug.library.model.StepType.LONG_PRESS, com.instabug.library.model.StepType.FLING, com.instabug.library.model.StepType.SCROLL, com.instabug.library.model.StepType.SWIPE, com.instabug.library.model.StepType.PINCH, com.instabug.library.model.StepType.APPLICATION_BACKGROUND, com.instabug.library.model.StepType.APPLICATION_FOREGROUND, com.instabug.library.model.StepType.ENABLE, com.instabug.library.model.StepType.DISABLE, com.instabug.library.model.StepType.START_EDITING, com.instabug.library.model.StepType.END_EDITING, com.instabug.library.model.StepType.MOVE, com.instabug.library.model.StepType.TAB_SELECT, com.instabug.library.model.StepType.DIALOG_FRAGMENT_RESUMED}" />
    </annotation>
  </item>
</root>

