<?xml version="1.0" encoding="UTF-8"?>
<root>
  <item name="com.instabug.bug.invocation.InvocationOption">
    <annotation name="androidx.annotation.IntDef">
      <val name="flag" val="true" />
      <val name="value" val="{com.instabug.bug.invocation.InvocationOption.EMAIL_FIELD_HIDDEN, com.instabug.bug.invocation.InvocationOption.EMAIL_FIELD_OPTIONAL, com.instabug.bug.invocation.InvocationOption.COMMENT_FIELD_REQUIRED, com.instabug.bug.invocation.InvocationOption.DISABLE_POST_SENDING_DIALOG}" />
    </annotation>
  </item>
  <item name="com.instabug.bug.invocation.Option">
    <annotation name="androidx.annotation.IntDef">
      <val name="value" val="{com.instabug.bug.invocation.Option.EMAIL_FIELD_HIDDEN, com.instabug.bug.invocation.Option.EMAIL_FIELD_OPTIONAL, com.instabug.bug.invocation.Option.COMMENT_FIELD_REQUIRED, com.instabug.bug.invocation.Option.DISABLE_POST_SENDING_DIALOG}" />
    </annotation>
  </item>
</root>

