<?xml version="1.0" encoding="UTF-8"?>
<root>
  <item name="com.instabug.library.internal.utils.stability.handler.penalty.DeathPenaltyHandler int getPenaltyType()">
    <annotation name="androidx.annotation.IntDef">
      <val name="value" val="{com.instabug.library.internal.utils.stability.handler.penalty.PenaltyType.SWALLOW, com.instabug.library.internal.utils.stability.handler.penalty.PenaltyType.LOG, com.instabug.library.internal.utils.stability.handler.penalty.PenaltyType.DEATH}" />
    </annotation>
  </item>
  <item name="com.instabug.library.internal.utils.stability.handler.penalty.LogPenaltyHandler int getPenaltyType()">
    <annotation name="androidx.annotation.IntDef">
      <val name="value" val="{com.instabug.library.internal.utils.stability.handler.penalty.PenaltyType.SWALLOW, com.instabug.library.internal.utils.stability.handler.penalty.PenaltyType.LOG, com.instabug.library.internal.utils.stability.handler.penalty.PenaltyType.DEATH}" />
    </annotation>
  </item>
  <item name="com.instabug.library.internal.utils.stability.handler.penalty.PenaltyHandler int getPenaltyType()">
    <annotation name="androidx.annotation.IntDef">
      <val name="value" val="{com.instabug.library.internal.utils.stability.handler.penalty.PenaltyType.SWALLOW, com.instabug.library.internal.utils.stability.handler.penalty.PenaltyType.LOG, com.instabug.library.internal.utils.stability.handler.penalty.PenaltyType.DEATH}" />
    </annotation>
  </item>
  <item name="com.instabug.library.internal.utils.stability.handler.penalty.PenaltyType">
    <annotation name="androidx.annotation.IntDef">
      <val name="value" val="{com.instabug.library.internal.utils.stability.handler.penalty.PenaltyType.SWALLOW, com.instabug.library.internal.utils.stability.handler.penalty.PenaltyType.LOG, com.instabug.library.internal.utils.stability.handler.penalty.PenaltyType.DEATH}" />
    </annotation>
  </item>
  <item name="com.instabug.library.internal.utils.stability.handler.penalty.SwallowPenaltyHandler int getPenaltyType()">
    <annotation name="androidx.annotation.IntDef">
      <val name="value" val="{com.instabug.library.internal.utils.stability.handler.penalty.PenaltyType.SWALLOW, com.instabug.library.internal.utils.stability.handler.penalty.PenaltyType.LOG, com.instabug.library.internal.utils.stability.handler.penalty.PenaltyType.DEATH}" />
    </annotation>
  </item>
</root>

