<?xml version="1.0" encoding="UTF-8"?>
<root>
  <item name="com.instabug.anr.model.Anr anrState">
    <annotation name="androidx.annotation.IntDef">
      <val name="value" val="{com.instabug.anr.model.AnrState.NOT_AVAILABLE, com.instabug.anr.model.AnrState.READY_TO_BE_SENT, com.instabug.anr.model.AnrState.LOGS_READY_TO_BE_UPLOADED, com.instabug.anr.model.AnrState.ATTACHMENTS_READY_TO_BE_UPLOADED}" />
    </annotation>
  </item>
  <item name="com.instabug.anr.model.Anr int getAnrState()">
    <annotation name="androidx.annotation.IntDef">
      <val name="value" val="{com.instabug.anr.model.AnrState.NOT_AVAILABLE, com.instabug.anr.model.AnrState.READY_TO_BE_SENT, com.instabug.anr.model.AnrState.LOGS_READY_TO_BE_UPLOADED, com.instabug.anr.model.AnrState.ATTACHMENTS_READY_TO_BE_UPLOADED}" />
    </annotation>
  </item>
  <item name="com.instabug.anr.model.Anr void setAnrState(int) 0">
    <annotation name="androidx.annotation.IntDef">
      <val name="value" val="{com.instabug.anr.model.AnrState.NOT_AVAILABLE, com.instabug.anr.model.AnrState.READY_TO_BE_SENT, com.instabug.anr.model.AnrState.LOGS_READY_TO_BE_UPLOADED, com.instabug.anr.model.AnrState.ATTACHMENTS_READY_TO_BE_UPLOADED}" />
    </annotation>
  </item>
  <item name="com.instabug.anr.model.AnrState">
    <annotation name="androidx.annotation.IntDef">
      <val name="value" val="{com.instabug.anr.model.AnrState.NOT_AVAILABLE, com.instabug.anr.model.AnrState.READY_TO_BE_SENT, com.instabug.anr.model.AnrState.LOGS_READY_TO_BE_UPLOADED, com.instabug.anr.model.AnrState.ATTACHMENTS_READY_TO_BE_UPLOADED}" />
    </annotation>
  </item>
</root>

