<?xml version="1.0" encoding="UTF-8"?>
<root>
  <item name="com.instabug.library.settings.PerSessionSettings int getPlatform()">
    <annotation name="androidx.annotation.IntDef">
      <val name="value" val="{com.instabug.library.Platform.ANDROID, com.instabug.library.Platform.RN, com.instabug.library.Platform.XAMARIN, com.instabug.library.Platform.CORDOVA, com.instabug.library.Platform.UNITY, com.instabug.library.Platform.FLUTTER}" />
    </annotation>
  </item>
  <item name="com.instabug.library.settings.PerSessionSettings platform">
    <annotation name="androidx.annotation.IntDef">
      <val name="value" val="{com.instabug.library.Platform.ANDROID, com.instabug.library.Platform.RN, com.instabug.library.Platform.XAMARIN, com.instabug.library.Platform.CORDOVA, com.instabug.library.Platform.UNITY, com.instabug.library.Platform.FLUTTER}" />
    </annotation>
  </item>
  <item name="com.instabug.library.settings.PerSessionSettings void setRequestedOrientation(int) 0">
    <annotation name="androidx.annotation.IntDef">
      <val name="value" val="{android.content.pm.ActivityInfo.SCREEN_ORIENTATION_UNSPECIFIED, android.content.pm.ActivityInfo.SCREEN_ORIENTATION_LANDSCAPE, android.content.pm.ActivityInfo.SCREEN_ORIENTATION_PORTRAIT, android.content.pm.ActivityInfo.SCREEN_ORIENTATION_USER, android.content.pm.ActivityInfo.SCREEN_ORIENTATION_BEHIND, android.content.pm.ActivityInfo.SCREEN_ORIENTATION_SENSOR, android.content.pm.ActivityInfo.SCREEN_ORIENTATION_NOSENSOR, android.content.pm.ActivityInfo.SCREEN_ORIENTATION_SENSOR_LANDSCAPE, android.content.pm.ActivityInfo.SCREEN_ORIENTATION_SENSOR_PORTRAIT, android.content.pm.ActivityInfo.SCREEN_ORIENTATION_REVERSE_LANDSCAPE, android.content.pm.ActivityInfo.SCREEN_ORIENTATION_REVERSE_PORTRAIT, android.content.pm.ActivityInfo.SCREEN_ORIENTATION_FULL_SENSOR, android.content.pm.ActivityInfo.SCREEN_ORIENTATION_USER_LANDSCAPE, android.content.pm.ActivityInfo.SCREEN_ORIENTATION_USER_PORTRAIT, android.content.pm.ActivityInfo.SCREEN_ORIENTATION_FULL_USER, android.content.pm.ActivityInfo.SCREEN_ORIENTATION_LOCKED}" />
    </annotation>
  </item>
  <item name="com.instabug.library.settings.SettingsManager int getCurrentPlatform()">
    <annotation name="androidx.annotation.IntDef">
      <val name="value" val="{com.instabug.library.Platform.ANDROID, com.instabug.library.Platform.RN, com.instabug.library.Platform.XAMARIN, com.instabug.library.Platform.CORDOVA, com.instabug.library.Platform.UNITY, com.instabug.library.Platform.FLUTTER}" />
    </annotation>
  </item>
  <item name="com.instabug.library.settings.SettingsManager void setCurrentPlatform(int) 0">
    <annotation name="androidx.annotation.IntDef">
      <val name="value" val="{com.instabug.library.Platform.ANDROID, com.instabug.library.Platform.RN, com.instabug.library.Platform.XAMARIN, com.instabug.library.Platform.CORDOVA, com.instabug.library.Platform.UNITY, com.instabug.library.Platform.FLUTTER}" />
    </annotation>
  </item>
  <item name="com.instabug.library.settings.SettingsManager void setRequestedOrientation(int) 0">
    <annotation name="androidx.annotation.IntDef">
      <val name="value" val="{android.content.pm.ActivityInfo.SCREEN_ORIENTATION_UNSPECIFIED, android.content.pm.ActivityInfo.SCREEN_ORIENTATION_LANDSCAPE, android.content.pm.ActivityInfo.SCREEN_ORIENTATION_PORTRAIT, android.content.pm.ActivityInfo.SCREEN_ORIENTATION_USER, android.content.pm.ActivityInfo.SCREEN_ORIENTATION_BEHIND, android.content.pm.ActivityInfo.SCREEN_ORIENTATION_SENSOR, android.content.pm.ActivityInfo.SCREEN_ORIENTATION_NOSENSOR, android.content.pm.ActivityInfo.SCREEN_ORIENTATION_SENSOR_LANDSCAPE, android.content.pm.ActivityInfo.SCREEN_ORIENTATION_SENSOR_PORTRAIT, android.content.pm.ActivityInfo.SCREEN_ORIENTATION_REVERSE_LANDSCAPE, android.content.pm.ActivityInfo.SCREEN_ORIENTATION_REVERSE_PORTRAIT, android.content.pm.ActivityInfo.SCREEN_ORIENTATION_FULL_SENSOR, android.content.pm.ActivityInfo.SCREEN_ORIENTATION_USER_LANDSCAPE, android.content.pm.ActivityInfo.SCREEN_ORIENTATION_USER_PORTRAIT, android.content.pm.ActivityInfo.SCREEN_ORIENTATION_FULL_USER, android.content.pm.ActivityInfo.SCREEN_ORIENTATION_LOCKED}" />
    </annotation>
  </item>
</root>

