<?xml version="1.0" encoding="UTF-8"?>
<root>
  <item name="com.instabug.chat.ui.annotation.AnnotationFragment com.instabug.chat.ui.annotation.AnnotationFragment newInstance(java.lang.String, java.lang.String, android.net.Uri, java.lang.String) 3">
    <annotation name="androidx.annotation.StringDef">
      <val name="value" val="{com.instabug.chat.model.Attachment.AttachmentType.TYPE_IMAGE, com.instabug.chat.model.Attachment.AttachmentType.TYPE_IMAGE_GALLERY, com.instabug.chat.model.Attachment.AttachmentType.TYPE_IMAGE_SCREENSHOT, com.instabug.chat.model.Attachment.AttachmentType.TYPE_VIDEO_RECORD, com.instabug.chat.model.Attachment.AttachmentType.TYPE_VIDEO_GALLERY, com.instabug.chat.model.Attachment.AttachmentType.TYPE_VIDEO, com.instabug.chat.model.Attachment.AttachmentType.TYPE_AUDIO, com.instabug.chat.model.Attachment.AttachmentType.TYPE_NOT_AVAILABLE}" />
    </annotation>
  </item>
  <item name="com.instabug.chat.ui.annotation.AnnotationFragment.Callbacks void onImageEditingDone(java.lang.String, android.net.Uri, java.lang.String) 2">
    <annotation name="androidx.annotation.StringDef">
      <val name="value" val="{com.instabug.chat.model.Attachment.AttachmentType.TYPE_IMAGE, com.instabug.chat.model.Attachment.AttachmentType.TYPE_IMAGE_GALLERY, com.instabug.chat.model.Attachment.AttachmentType.TYPE_IMAGE_SCREENSHOT, com.instabug.chat.model.Attachment.AttachmentType.TYPE_VIDEO_RECORD, com.instabug.chat.model.Attachment.AttachmentType.TYPE_VIDEO_GALLERY, com.instabug.chat.model.Attachment.AttachmentType.TYPE_VIDEO, com.instabug.chat.model.Attachment.AttachmentType.TYPE_AUDIO, com.instabug.chat.model.Attachment.AttachmentType.TYPE_NOT_AVAILABLE}" />
    </annotation>
  </item>
</root>

