<?xml version="1.0" encoding="UTF-8"?>
<root>
  <item name="com.instabug.survey.utils.SurveysUtils boolean isKnownTargetingCondition(java.lang.String) 0">
    <annotation name="androidx.annotation.StringDef">
      <val name="value" val="{com.instabug.survey.utils.TargetingCondition.APP_VERSION, com.instabug.survey.utils.TargetingCondition.APP_VERSION_V2, com.instabug.survey.utils.TargetingCondition.DATE, com.instabug.survey.utils.TargetingCondition.USER_EMAIL, com.instabug.survey.utils.TargetingCondition.DAYS_SINCE_DISMISS, com.instabug.survey.utils.TargetingCondition.SESSION_COUNT, com.instabug.survey.utils.TargetingCondition.DAYS_SINCE_SIGN_UP, com.instabug.survey.utils.TargetingCondition.COUNTRY, com.instabug.survey.utils.TargetingCondition.LAST_SEEN, com.instabug.survey.utils.TargetingCondition.OS_API_LEVEL}" />
    </annotation>
  </item>
  <item name="com.instabug.survey.utils.TargetingCondition">
    <annotation name="androidx.annotation.StringDef">
      <val name="value" val="{com.instabug.survey.utils.TargetingCondition.APP_VERSION, com.instabug.survey.utils.TargetingCondition.APP_VERSION_V2, com.instabug.survey.utils.TargetingCondition.DATE, com.instabug.survey.utils.TargetingCondition.USER_EMAIL, com.instabug.survey.utils.TargetingCondition.DAYS_SINCE_DISMISS, com.instabug.survey.utils.TargetingCondition.SESSION_COUNT, com.instabug.survey.utils.TargetingCondition.DAYS_SINCE_SIGN_UP, com.instabug.survey.utils.TargetingCondition.COUNTRY, com.instabug.survey.utils.TargetingCondition.LAST_SEEN, com.instabug.survey.utils.TargetingCondition.OS_API_LEVEL}" />
    </annotation>
  </item>
  <item name="com.instabug.survey.utils.TargetingOperator">
    <annotation name="androidx.annotation.StringDef">
      <val name="value" val="{com.instabug.survey.utils.TargetingOperator.EQUAL, com.instabug.survey.utils.TargetingOperator.NOT_EQUAL, com.instabug.survey.utils.TargetingOperator.GREATER_THAN, com.instabug.survey.utils.TargetingOperator.LESS_THAN, com.instabug.survey.utils.TargetingOperator.CONTAINS, com.instabug.survey.utils.TargetingOperator.NOT_CONTAINS, com.instabug.survey.utils.TargetingOperator.AND, com.instabug.survey.utils.TargetingOperator.OR}" />
    </annotation>
  </item>
</root>

