<?xml version="1.0" encoding="UTF-8"?>
<root>
  <item name="com.instabug.survey.announcements.network.AnnouncementSubmittingUtils org.json.JSONArray getQuestionsAnswersAsJson(com.instabug.survey.announcements.models.Announcement, java.lang.String) 1">
    <annotation name="androidx.annotation.StringDef">
      <val name="value" val="{com.instabug.survey.models.State.DISMISSED, com.instabug.survey.models.State.ENDED, com.instabug.survey.models.State.SUBMITTED}" />
    </annotation>
  </item>
  <item name="com.instabug.survey.announcements.network.AnnouncementSubmittingUtils org.json.JSONObject getAnnouncementAsResponse(com.instabug.survey.announcements.models.Announcement, java.lang.String) 1">
    <annotation name="androidx.annotation.StringDef">
      <val name="value" val="{com.instabug.survey.models.State.DISMISSED, com.instabug.survey.models.State.ENDED, com.instabug.survey.models.State.SUBMITTED}" />
    </annotation>
  </item>
</root>

