<?xml version="1.0" encoding="UTF-8"?>
<root>
  <item name="com.instabug.bug.BugReporting void setOptions(int...) 0">
    <annotation name="androidx.annotation.IntDef">
      <val name="value" val="{com.instabug.bug.invocation.Option.EMAIL_FIELD_HIDDEN, com.instabug.bug.invocation.Option.EMAIL_FIELD_OPTIONAL, com.instabug.bug.invocation.Option.COMMENT_FIELD_REQUIRED, com.instabug.bug.invocation.Option.DISABLE_POST_SENDING_DIALOG}" />
    </annotation>
  </item>
  <item name="com.instabug.bug.BugReporting void setReportTypes(int...) 0">
    <annotation name="androidx.annotation.IntDef">
      <val name="value" val="{com.instabug.bug.BugReporting.ReportType.BUG, com.instabug.bug.BugReporting.ReportType.FEEDBACK, com.instabug.bug.BugReporting.ReportType.QUESTION}" />
    </annotation>
  </item>
  <item name="com.instabug.bug.BugReporting void show(int) 0">
    <annotation name="androidx.annotation.IntDef">
      <val name="value" val="{com.instabug.bug.BugReporting.ReportType.BUG, com.instabug.bug.BugReporting.ReportType.FEEDBACK, com.instabug.bug.BugReporting.ReportType.QUESTION}" />
    </annotation>
  </item>
  <item name="com.instabug.bug.BugReporting void show(int, int...) 0">
    <annotation name="androidx.annotation.IntDef">
      <val name="value" val="{com.instabug.bug.BugReporting.ReportType.BUG, com.instabug.bug.BugReporting.ReportType.FEEDBACK, com.instabug.bug.BugReporting.ReportType.QUESTION}" />
    </annotation>
  </item>
  <item name="com.instabug.bug.BugReporting void show(int, int...) 1">
    <annotation name="androidx.annotation.IntDef">
      <val name="value" val="{com.instabug.bug.invocation.Option.EMAIL_FIELD_HIDDEN, com.instabug.bug.invocation.Option.EMAIL_FIELD_OPTIONAL, com.instabug.bug.invocation.Option.COMMENT_FIELD_REQUIRED, com.instabug.bug.invocation.Option.DISABLE_POST_SENDING_DIALOG}" />
    </annotation>
  </item>
  <item name="com.instabug.bug.BugReporting.ReportType">
    <annotation name="androidx.annotation.IntDef">
      <val name="value" val="{com.instabug.bug.BugReporting.ReportType.BUG, com.instabug.bug.BugReporting.ReportType.FEEDBACK, com.instabug.bug.BugReporting.ReportType.QUESTION}" />
    </annotation>
  </item>
  <item name="com.instabug.bug.BugReportingWrapper void setReportTypes(int...) 0">
    <annotation name="androidx.annotation.IntDef">
      <val name="value" val="{com.instabug.bug.BugReporting.ReportType.BUG, com.instabug.bug.BugReporting.ReportType.FEEDBACK, com.instabug.bug.BugReporting.ReportType.QUESTION}" />
    </annotation>
  </item>
  <item name="com.instabug.bug.BugReportingWrapper void show(int) 0">
    <annotation name="androidx.annotation.IntDef">
      <val name="value" val="{com.instabug.bug.BugReporting.ReportType.BUG, com.instabug.bug.BugReporting.ReportType.FEEDBACK, com.instabug.bug.BugReporting.ReportType.QUESTION}" />
    </annotation>
  </item>
  <item name="com.instabug.bug.Constants.MainReportCategory">
    <annotation name="androidx.annotation.StringDef">
      <val name="value" val="{com.instabug.bug.Constants.MainReportCategory.REPORT_BUG, com.instabug.bug.Constants.MainReportCategory.FEEDBACK, com.instabug.bug.Constants.MainReportCategory.ASK_QUESTION}" />
    </annotation>
  </item>
  <item name="com.instabug.bug.Constants.PromptItemOrder">
    <annotation name="androidx.annotation.IntDef">
      <val name="value" val="{com.instabug.bug.Constants.PromptItemOrder.ORDER_BUG_REPORT_OPTION, com.instabug.bug.Constants.PromptItemOrder.ORDER_FEEDBACK_REPORT_OPTION, com.instabug.bug.Constants.PromptItemOrder.ORDER_ASK_A_QUESTION_OPTION}" />
    </annotation>
  </item>
  <item name="com.instabug.bug.Constants.ReportType">
    <annotation name="androidx.annotation.StringDef">
      <val name="value" val="{com.instabug.bug.Constants.ReportType.BUG, com.instabug.bug.Constants.ReportType.FEEDBACK, com.instabug.bug.Constants.ReportType.ASK_QUESTION, com.instabug.bug.Constants.ReportType.NOT_AVAILABLE}" />
    </annotation>
  </item>
  <item name="com.instabug.bug.Constants.ReportingProcess">
    <annotation name="androidx.annotation.IntDef">
      <val name="value" val="{com.instabug.bug.Constants.ReportingProcess.PROCESS_BUG, com.instabug.bug.Constants.ReportingProcess.PROCESS_FEEDBACK, com.instabug.bug.Constants.ReportingProcess.PROCESS_ASK_QUESTION, com.instabug.bug.Constants.ReportingProcess.PROCESS_HANGING_BUG}" />
    </annotation>
  </item>
  <item name="com.instabug.bug.ReportingPluginWrapper boolean isReportTypeEnabled(java.lang.String) 0">
    <annotation name="androidx.annotation.StringDef">
      <val name="value" val="{com.instabug.bug.Constants.ReportType.BUG, com.instabug.bug.Constants.ReportType.FEEDBACK, com.instabug.bug.Constants.ReportType.ASK_QUESTION, com.instabug.bug.Constants.ReportType.NOT_AVAILABLE}" />
    </annotation>
  </item>
  <item name="com.instabug.bug.ReportingPluginWrapper com.instabug.library.OnSdkDismissCallback.ReportType getReportType(java.lang.String) 0">
    <annotation name="androidx.annotation.StringDef">
      <val name="value" val="{com.instabug.bug.Constants.ReportType.BUG, com.instabug.bug.Constants.ReportType.FEEDBACK, com.instabug.bug.Constants.ReportType.ASK_QUESTION, com.instabug.bug.Constants.ReportType.NOT_AVAILABLE}" />
    </annotation>
  </item>
</root>

