<?xml version="1.0" encoding="UTF-8"?>
<root>
  <item name="com.instabug.bug.settings.BugSettings boolean getReportTypeStatus(java.lang.String) 0">
    <annotation name="androidx.annotation.StringDef">
      <val name="value" val="{com.instabug.bug.Constants.ReportType.BUG, com.instabug.bug.Constants.ReportType.FEEDBACK, com.instabug.bug.Constants.ReportType.ASK_QUESTION, com.instabug.bug.Constants.ReportType.NOT_AVAILABLE}" />
    </annotation>
  </item>
  <item name="com.instabug.bug.settings.BugSettings void setReportTypeStatus(java.lang.String, boolean) 0">
    <annotation name="androidx.annotation.StringDef">
      <val name="value" val="{com.instabug.bug.Constants.ReportType.BUG, com.instabug.bug.Constants.ReportType.FEEDBACK, com.instabug.bug.Constants.ReportType.ASK_QUESTION, com.instabug.bug.Constants.ReportType.NOT_AVAILABLE}" />
    </annotation>
  </item>
  <item name="com.instabug.bug.settings.PerSessionSettings boolean getReportTypeStatus(java.lang.String) 0">
    <annotation name="androidx.annotation.StringDef">
      <val name="value" val="{com.instabug.bug.Constants.ReportType.BUG, com.instabug.bug.Constants.ReportType.FEEDBACK, com.instabug.bug.Constants.ReportType.ASK_QUESTION, com.instabug.bug.Constants.ReportType.NOT_AVAILABLE}" />
    </annotation>
  </item>
  <item name="com.instabug.bug.settings.PerSessionSettings void setReportTypeStatus(java.lang.String, boolean) 0">
    <annotation name="androidx.annotation.StringDef">
      <val name="value" val="{com.instabug.bug.Constants.ReportType.BUG, com.instabug.bug.Constants.ReportType.FEEDBACK, com.instabug.bug.Constants.ReportType.ASK_QUESTION, com.instabug.bug.Constants.ReportType.NOT_AVAILABLE}" />
    </annotation>
  </item>
  <item name="com.instabug.bug.settings.ReportTypesManager boolean getReportTypeOptionStatus(java.lang.String) 0">
    <annotation name="androidx.annotation.StringDef">
      <val name="value" val="{com.instabug.bug.Constants.ReportType.BUG, com.instabug.bug.Constants.ReportType.FEEDBACK, com.instabug.bug.Constants.ReportType.ASK_QUESTION, com.instabug.bug.Constants.ReportType.NOT_AVAILABLE}" />
    </annotation>
  </item>
  <item name="com.instabug.bug.settings.ReportTypesManager void setReportTypeStatus(java.lang.String, boolean) 0">
    <annotation name="androidx.annotation.StringDef">
      <val name="value" val="{com.instabug.bug.Constants.ReportType.BUG, com.instabug.bug.Constants.ReportType.FEEDBACK, com.instabug.bug.Constants.ReportType.ASK_QUESTION, com.instabug.bug.Constants.ReportType.NOT_AVAILABLE}" />
    </annotation>
  </item>
</root>

